week,tv_spend,tv_impressions,search_spend,search_impressions,social_spend,social_impressions,affiliate_spend,affiliate_impressions,brand_spend,brand_impressions,conversions,promo_flag,price_index,competitor_pressure,holiday_flag
2023-01-01,14030.48217870522,108625.22285339229,8572.51436740882,140790.86078769935,31814.79903737287,654023.8975667581,957.7473071323079,14294.979825014758,4146.958642655139,38755.46596779937,1926.2925163013142,0.0,100.0,78.66628925787472,0.0
2023-01-08,30441.053911863535,194503.49195368032,10197.199351678217,182477.86435989456,20667.388019234488,434439.0489917156,7820.21541062436,91933.94033353023,9213.518040291254,82750.51403698562,2111.6251041387986,0.0,100.0,73.82296472127649,0.0
2023-01-15,6775.358757171547,40293.1249740089,14435.812823053438,241460.770337539,14617.754027247622,347873.09825358004,1319.2519389847876,13801.02303025447,5880.642570205099,68651.27644338651,2342.1315329089553,0.0,100.0,101.12098217852369,0.0
2023-01-22,56076.238749938966,352397.7341388898,25071.448532581246,376211.7395720082,33198.41643327241,713039.8358019829,2922.444111028547,37985.648833525585,8975.741044310384,80431.07504675044,2330.16298996763,0.0,100.0,66.77574370879864,0.0
2023-01-29,22214.776797634266,164462.8793269363,20456.951968841895,319476.9321752305,34636.591470903455,752006.0409740446,7504.793413452966,85798.46117985604,3697.690033369452,32213.20780950019,2432.539493408842,0.0,100.0,82.97382776234733,0.0
2023-02-05,36895.2916054355,272290.61494257284,21542.902716966382,337496.77000534575,25071.66172911395,610131.3105036438,9511.658610489876,107632.23095114343,3770.927570459683,36342.073348370344,2640.8690683594996,0.0,100.0,72.9600271121021,1.0
2023-02-12,48279.60030706272,286963.60981415486,17443.757008897937,316426.97120620764,32084.90827928066,675747.3828429354,7146.971250538222,64528.06986970728,6436.666341559691,71649.61461651917,2576.6419025419145,0.0,100.0,66.29767927535453,0.0
2023-02-19,33941.131617134415,251324.30156955318,17213.948926776407,282106.5227362755,24648.322647226505,535980.5286487283,2705.771795609308,39703.50855076593,3809.4635401266523,34573.23291650021,2211.6568663913877,0.0,100.0,71.5789137376894,0.0
2023-02-26,1896.5451572847328,11644.911960380914,12170.140141607653,202116.1954775412,21690.886383077464,472062.37606707285,4288.535265799007,53170.71359402447,2691.456207290004,26093.685101780833,2127.053314175152,0.0,100.0,41.66067524803116,0.0
2023-03-05,4824.978287604059,33265.700324787394,10371.517831021452,179632.78210612907,10986.763474366462,275097.8630689913,317.4436817249531,3416.9086236015814,2515.7817457019432,20744.8901369145,2234.552265733867,0.0,100.0,41.12209267633391,0.0
2023-03-12,29625.516835975846,197527.81153064483,10686.677237684838,190075.67861187275,24675.16608430577,597246.6591897963,8364.901054758682,71536.81796855388,7536.171468761024,75475.18443742479,2670.7999347487266,1.0,100.0,40.93981759188403,0.0
2023-03-19,24153.216300874337,184156.0381209395,13863.950474182719,228076.9423174333,14359.516008020497,323192.5988052104,6723.293255461131,90055.5787063588,6138.387927697932,61472.33674922354,2566.1744343006917,1.0,100.0,49.11035411952664,0.0
2023-03-26,19470.022549475485,105593.54610609976,6289.171860621938,107764.21713303887,19513.14108446009,468592.16202059085,7106.180905229194,74180.65944338693,4941.919817330412,51851.89468104482,2276.179634116781,0.0,100.0,30.08087810755817,0.0
2023-04-02,11939.387801973357,68938.34036360205,11957.579125236292,186214.92620889054,31709.389470800503,663284.0097722225,3488.0738456193226,35263.916355782894,6482.448008856143,63938.742052260364,2587.0972163919955,0.0,100.0,31.921376351834216,0.0
2023-04-09,4824.735611242858,25835.639655409705,14819.87756448258,245161.51729681707,8234.669077483799,192688.02730395587,6102.018385486175,57734.51764311043,3114.238642663813,33697.788149960055,2524.6366418733405,0.0,100.0,6.703887103411654,0.0
2023-04-16,21339.743876955123,127700.1063800387,10793.290005428438,159436.97668005954,3319.1856275054106,80105.47380584262,8937.075960501867,91215.55993252464,7052.827001847492,73586.40553168194,2663.5844952148573,0.0,100.0,10.203602977656033,0.0
2023-04-23,33648.743957435116,175778.9770490735,5702.328260848525,99190.09601129689,15379.098046329316,363015.76390695805,5154.048961818973,61474.31229749134,5819.691115191043,52059.739043289854,2319.2094495507513,0.0,100.0,28.112132455681525,0.0
2023-04-30,12561.53940914169,88115.67857165281,21569.016937536588,367319.3845933952,7211.571090605488,126461.32241878205,667.360025266788,8802.851714988255,2777.796248773333,27590.042697577363,2245.2478813969865,0.0,100.0,17.294459610619093,0.0
2023-05-07,32293.480700888485,186982.42371954466,20685.79000941781,317355.4671639015,12302.841731211403,276886.1053965041,895.6624065392285,11660.90449940189,6436.3327344870795,55508.631732416965,2294.8893097391856,0.0,100.0,25.388601654074908,0.0
2023-05-14,6395.458023148083,40964.00993616714,17095.913433867667,270964.91970514134,38044.81061129619,771248.3555520003,9306.232875924261,111796.84792235092,3153.8126189568943,37608.77801015481,2745.0532436392573,0.0,100.0,36.71322245385728,0.0
2023-05-21,19141.73043200488,154005.52570382884,12374.836610760314,196911.80865221456,34681.23062868753,765912.0027308849,980.5823276418187,11457.474788688056,5656.087814014904,49153.13058699738,2479.240413897068,0.0,100.0,19.31181648168725,0.0
2023-05-28,4163.375722650797,30428.588540187902,15396.219467621215,229516.38099189443,24885.605284713743,555619.4546541669,35.50709125859003,495.9329844562778,9041.372457794012,76897.42373228743,2348.3573621434557,0.0,100.0,34.18662422522086,0.0
2023-06-04,29798.331969632174,184986.6590861502,15805.41798781619,274623.38466207,27042.076618555646,655491.7084803184,8446.59555964902,92004.40802446552,6380.692090121626,59683.76475873847,2726.5054040304167,0.0,100.0,50.24977087519833,0.0
2023-06-11,57456.17377530492,390295.2014801697,14830.77463124857,232448.68213791662,30123.817313900632,696819.1092855432,6057.919877222386,83904.41258524134,6505.689840265732,68034.39898408818,2928.3864200416588,0.0,100.0,45.77509270049428,0.0
2023-06-18,70660.02249730131,481186.046415517,19685.624698290656,293943.8842786996,22835.67685428203,532734.683958623,703.1338990895185,8131.00767494665,8750.711742723688,71650.80570655921,2891.0652572587114,0.0,100.0,59.13506681225746,0.0
2023-06-25,68031.06144313519,488765.35415688215,21848.506264165848,345015.1836589594,33806.3154113435,759646.2515075568,3775.959951067546,47407.10028837153,7222.536981585915,61974.93157683096,2794.9265241271446,0.0,100.0,70.29217875225193,0.0
2023-07-02,23508.312343627393,144120.17476890457,16881.823581382083,287750.29320394347,41898.42807809912,1039263.1642799573,10030.438889822155,96010.74048952066,3376.5148373516076,29737.448858447893,2860.971356430505,0.0,100.0,69.9231631691095,0.0
2023-07-09,56656.28251215993,375130.97760875133,7537.248155699019,121749.08531463964,33858.22346902338,705114.7594219961,6502.373782934409,83116.89814739134,6728.61275054187,72875.18197620673,2780.1574225281524,0.0,100.0,76.23943062031535,0.0
2023-07-16,1968.0112099900853,14031.082658574704,24233.493715626395,401350.62968196376,20379.686720003374,465852.0202058267,10672.062534578426,123608.07879897104,6417.156899690501,60434.08425042655,2571.02181921431,0.0,100.0,80.2138125302578,0.0
2023-07-23,28372.080096044803,185074.584819048,17438.52991487873,283908.30636130174,18609.251748281247,382054.5386477275,8345.227625569936,100245.32294053696,5593.851468225388,52473.43120131489,2701.4931572206133,0.0,100.0,90.28567180455094,0.0
2023-07-30,5337.763581467349,35367.236862793776,14644.6935373312,239636.90496755496,19270.76382992948,485781.11796784383,14373.840290559592,174257.6356466582,6922.349670997294,62598.761584932436,2596.828016306707,0.0,100.0,90.3093269259957,0.0
2023-08-06,55022.622831333196,385086.72254972364,26179.694022461932,426460.8363602236,36816.331081991644,743634.1879093839,13507.266024189401,158250.02121614065,7880.037709490227,90520.90367237922,2806.6506119777287,0.0,100.0,70.95088139211903,0.0
2023-08-13,48389.220984732565,337287.1185767048,26663.782284375626,463442.9405002193,34149.80235634677,826224.200145919,923.3798839563315,11946.162411464222,6684.281025140995,56343.13139324649,3005.0259097864914,0.0,100.0,62.51171728183455,0.0
2023-08-20,5251.798000723813,30629.407358173252,15156.00304029163,268298.96252247284,27959.632140727528,498750.52888886246,11332.930058053811,137808.10214286955,5677.440688497136,58542.42076625514,2865.7565971322483,1.0,100.0,70.16279804657916,0.0
2023-08-27,58380.90195761752,349370.71949082665,19987.49009194495,343710.2145029835,9566.687462602062,235843.5403402024,15978.669313356737,164926.56142463643,6716.556266721853,67744.36071218416,2870.4370645545496,0.0,100.0,60.28849857234129,0.0
2023-09-03,3421.094408167396,23771.029301655264,23410.260674520083,383994.7244095086,32883.625341387036,632423.970718092,12393.683227987121,147742.04048169215,6388.797354830209,54567.38824591284,3122.8851392633587,0.0,100.0,50.99210985646495,1.0
2023-09-10,60211.82064103949,419229.8346448534,22225.427765936267,352169.6966326529,32205.419904726426,723215.479581257,892.2613022798544,11144.215446779965,8361.500772075871,82451.33376236256,3151.6672039020405,0.0,100.0,34.58718409483723,0.0
2023-09-17,37944.99723961315,253878.26052101032,17170.30284141567,267482.15033646673,28697.10630816967,671248.8829286838,1945.9507704002274,20000.24382127412,6310.387058425058,64053.861648040554,3010.398467053082,0.0,100.0,40.33976907930361,0.0
2023-09-24,54177.524859297664,380957.6695528026,11707.626008034971,216821.19106355502,28533.793175808652,624212.4851015146,10672.510713355912,145913.34791180262,8714.275712185256,74480.24993862942,2904.2784147247758,0.0,100.0,36.346157963947604,0.0
2023-10-01,66489.50980043739,419042.06944288587,15709.06226132147,274437.6323014897,24642.457521139997,502283.13800534897,8299.667586073645,95887.76456741279,7154.810598633411,73745.65237457072,3091.5231199428067,0.0,100.0,10.47753759585821,0.0
2023-10-08,61500.09242723873,375398.4972349582,16930.77621394419,275516.9793720224,47488.019145407176,867936.8924338118,10481.399513922805,124129.03487121752,9354.524122572204,82376.09979206072,2763.8104003304675,0.0,100.0,29.749849488826314,0.0
2023-10-15,46149.611593313966,305777.697401663,17501.80619043174,295699.7172142963,27276.98005071153,566476.2881728716,12765.863284655785,139860.6091064187,7527.855398481807,60786.535376561995,3373.832348863107,0.0,100.0,19.532305402716602,0.0
2023-10-22,39608.19769468419,293540.53802385554,23010.934802009793,382394.03008426214,48399.84085601379,984625.0846174957,891.3408562282896,11194.296734385834,10051.609899274605,88408.25931314341,3111.1742398127976,0.0,100.0,14.407935064701713,0.0
2023-10-29,5526.200245962649,35751.252985338804,20085.561526826674,359450.59341513575,46357.57266336176,1092546.3483666251,5477.399335208316,67005.0074827342,3220.426209564886,31920.227959851116,2610.3071515007837,0.0,100.0,9.703331515319151,0.0
2023-11-05,62547.42448024539,386986.3821461947,19358.692186959226,345215.68909584195,6950.478120046042,153151.45100868717,11965.225528908077,141277.93686554104,4147.797682839138,35106.1712683639,2875.298236799824,0.0,100.0,23.158330892350083,0.0
2023-11-12,40236.519276086794,243713.2264937922,20013.236600315817,283449.392011544,18946.861937904163,412121.45238352264,11009.534102042322,137676.33310316276,6994.461313475347,67382.39706347251,2924.753436665257,0.0,108.0,30.377102035430823,0.0
2023-11-19,50347.15417198932,322930.0585102985,12436.572495760125,219630.98152715203,18958.453399300673,394472.31524885277,8259.81049303,73732.38595516865,8455.74798911677,80773.35350595554,2531.6914675329513,0.0,108.0,33.95362767140513,0.0
2023-11-26,28971.705445481966,209664.04782717937,18028.925802464648,290284.4218585013,32268.63819132546,667724.6260387549,9260.891912507606,130913.03671417327,8317.277532218197,69264.06082552187,2892.0528796458366,0.0,108.0,34.16089826322472,1.0
2023-12-03,51141.21646743465,331461.366124984,25920.400032653124,420910.63591265056,9390.40737317427,217761.32778313966,9028.207766655421,117020.13073445171,5129.565203494047,47201.49796322726,2515.4472860434166,0.0,108.0,41.43779943336794,0.0
2023-12-10,5598.727889893117,38075.6231221372,4677.632776469052,74629.66888553306,18497.18769297449,448994.9371764789,805.5496317894862,10000.456841982166,8267.301044568601,70728.33946934313,2545.4976817803386,0.0,108.0,63.79010662422963,0.0
2023-12-17,25737.756379467086,163701.70703513222,18322.057062151052,290224.17911722825,36087.24342710617,763665.3200681601,1310.7626257617972,15494.836139834613,7913.4862953374395,69714.87618657305,2475.891134097151,0.0,108.0,65.20157864690053,0.0
2023-12-24,56778.424043028645,322551.6143044185,24924.35685876433,394501.6146014828,25854.833916672094,520225.7761239832,364.6376395358498,4188.359393118627,8914.996414020616,81991.45656104766,2466.379398247416,0.0,108.0,72.90836873728958,0.0
2023-12-31,17382.763324804295,113153.08587727178,5364.809182629155,94452.84953260122,25426.483663959494,507910.1241909671,4071.508870258384,39132.97151553192,5227.451188390851,49928.82304834748,2323.461046657939,0.0,108.0,80.27669277840755,0.0
2024-01-07,25513.887019872454,120612.12034383217,13221.226221846931,208376.2571754754,23890.148695980708,489270.9167195024,10096.749462688067,124321.5467231175,5608.728189515927,50024.485779835064,2501.39876189829,0.0,108.0,84.13062826109726,0.0
2024-01-14,9177.657244812548,64129.281866462945,23001.800930731122,336203.55205204507,4240.838436324913,105115.11671808918,6392.278929793321,87907.37077826813,6279.809455717673,55270.01239476809,2734.3824616238408,0.0,108.0,93.76632726536751,0.0
2024-01-21,35306.56720487401,217809.14800522933,16844.849848330752,274426.5901135571,29377.622247187646,704802.6779876199,573.8243444618577,6624.080704508293,4655.706268603388,45182.60697310254,2489.779075651575,0.0,108.0,79.073519849852,0.0
2024-01-28,35754.764793872746,246413.45270378527,17181.6044245594,274197.3624613604,9420.176480566934,184213.99926895768,5403.131572357224,65857.28497641381,1545.2502017967827,12847.47715571014,2694.346526092283,0.0,108.0,75.60446782868283,0.0
2024-02-04,56285.03123294069,364781.2065525234,16952.69116966339,269647.46440823824,35890.8247281536,750440.0650088255,5668.845974554935,42824.9854545833,5940.064695350391,55286.270122749236,2940.6001943170277,0.0,108.0,66.44147207728949,1.0
2024-02-11,47263.748262000656,305594.79342993716,9580.951703143171,163047.9065302003,10153.720065745061,205610.37997873573,4891.896595105063,51519.47493252063,7813.0194466199,75078.19800900016,2450.0707873649458,0.0,108.0,71.12920871257481,0.0
2024-02-18,19161.23722754221,117219.63108184519,7727.7100328653905,117060.35437196869,12132.905760533089,262039.85720889785,5867.113672370952,67546.58527770355,2116.4142499136733,21477.817827914223,2297.386130545371,0.0,108.0,65.16381268183258,0.0
2024-02-25,3241.036068321253,24956.75891516963,6871.954189633752,102307.31537149978,4992.300628310319,113754.98390386175,4534.967079561996,46931.49467597536,3467.528926959223,32111.000237165586,2169.0748441188493,1.0,108.0,50.12606281530535,0.0
2024-03-03,21892.82713628583,158539.12423245749,8590.36938440479,145067.87246395976,12845.782392493447,318387.1222896195,5411.677985396856,69468.01512910928,6711.261504954329,68883.201220869,2740.8465208480116,1.0,108.0,48.739318798036166,0.0
2024-03-10,17748.43449954953,103444.80118963773,5985.084582369753,103973.02430482517,10045.791325215465,247146.71750313655,454.05595327978176,5688.676152830907,4041.8094583417937,39192.42600708532,2368.13363977746,0.0,108.0,41.70865808071185,0.0
2024-03-17,41586.71463413462,274497.9692533553,12513.426740833158,219058.29278608854,23816.250060976196,495341.1468951282,4810.765916309592,46382.56015604633,5926.681738835585,58866.822735772046,2315.6016045656775,0.0,108.0,64.49573833138797,0.0
2024-03-24,1357.868951790917,11320.069331072786,13561.595539645019,227346.00193356216,22060.544696293382,492589.8634767706,1221.9112251495314,17429.500026763188,6208.11265299986,49946.83693727203,2425.746058927162,0.0,108.0,25.284360582666544,0.0
2024-03-31,38313.32208504387,255166.64493020016,20117.77370335599,354404.0595277793,22126.861132285867,433238.96577024256,9557.926822934633,86490.42606587366,4839.5161436049275,39381.75953340294,2601.6356604837174,0.0,108.0,34.72412839141417,0.0
2024-04-07,2217.9084484518826,14305.355049955517,11108.498639317104,178034.43195995173,21403.55784237553,507496.98309731507,5051.339516032328,68763.61230454163,4853.847642822733,38043.153100818345,2426.0114651323943,0.0,108.0,24.863034488287465,0.0
2024-04-14,5019.599833548171,28328.630092311443,10302.766447164688,189236.56528708094,15912.489346599797,364237.30004912405,6644.412449030814,86430.18133421098,3939.7231927660255,34128.264073625694,2711.629259234017,0.0,108.0,19.380640610995336,0.0
2024-04-21,23016.873927546127,173880.63850237578,18304.519763412474,329237.92543336924,25008.75955026228,556977.7989873603,662.723066240051,8959.600152754376,5941.452393846259,52714.74317214706,2791.223152417659,0.0,108.0,23.62168944158919,0.0
2024-04-28,26965.605958077605,154443.90025273114,11109.0456756603,187811.95034093494,16288.74766743352,369027.31484700297,5504.893182762924,75753.73624055012,5069.209914082509,39807.20438686591,2543.260231574171,0.0,108.0,25.18713470269475,0.0
2024-05-05,32604.40600241167,171293.20857315676,17839.90308499219,291530.4213484206,10769.554095107811,249463.85596024187,5013.108575533939,49980.51118960401,3764.3206369984846,35331.967742273024,2813.8119736011686,0.0,108.0,25.63814417764561,0.0
2024-05-12,4100.482985792863,31655.71954420298,17146.764034247015,268744.9336354512,25393.348315733318,556920.659815722,10037.539712624082,111472.47911339202,5539.094248669389,51166.3759784949,2737.0958543096085,0.0,108.0,28.87044095420609,0.0
2024-05-19,51893.71867698539,355454.1052317561,13801.880345223524,231345.5746196258,13903.227532287774,324315.6001691484,431.9051012323798,5881.1007810752,5079.8907350038135,42080.51613938795,2708.592945643118,0.0,108.0,33.95638619476068,0.0
2024-05-26,41144.79198082364,269538.8652991058,14638.997845900529,232959.2182601172,22045.98008994555,528282.3591876876,1039.8097938466422,13266.305929468686,2265.002694488769,19715.094386415996,2782.975664554608,0.0,108.0,40.71152666005277,0.0
2024-06-02,62168.21894188764,415749.3440507707,11053.340833404032,188394.8961393948,25180.141069587284,576491.2519838456,501.9581814529689,7541.912125121508,5493.618587644197,52177.77799861567,2840.7536773069987,0.0,108.0,53.23294814960518,0.0
2024-06-09,4906.662539244186,33751.13733579818,19698.978777947606,346705.1190641162,16967.010891614656,375046.04123539914,1188.4064985397392,15699.214705200426,4558.852253725954,43701.04223810355,2876.0142341886854,0.0,108.0,57.20301701077562,0.0
2024-06-16,46042.23518223195,314014.2817433801,15500.0069017547,265581.63262447907,25495.400202263398,550678.9283695573,995.1537989657986,11064.68705528998,5009.97036034176,48918.90740425942,2689.6824000628035,0.0,108.0,72.53146871578252,0.0
2024-06-23,58024.85310979243,377070.74739783315,16985.461308822014,254397.01169398596,14612.76702235174,346913.09327361936,1009.8654366786822,10758.942037780738,12204.260618226424,115053.85229853868,2703.631657080691,0.0,108.0,81.66755721081171,0.0
2024-06-30,5916.464228408804,41721.51387788177,17022.617678234565,256307.7172691735,33928.53655617732,714051.3233832243,8710.834084302413,109254.9390867338,9498.111220488408,76365.5915314844,2768.471505424987,0.0,108.0,74.80066248631695,0.0
2024-07-07,64267.21489550132,414546.35261360643,23979.739661110667,420747.07513726334,17420.258128333357,386727.11641778843,5793.055645248883,60841.02992842181,6298.197325186339,59523.74558613216,3096.832007276796,0.0,108.0,76.00237260598357,0.0
2024-07-14,52334.58281614652,357416.47668535716,12985.26881321815,222727.18237400104,28610.2476144099,652890.7638524218,10888.799746672741,123752.50767615145,5301.532532015923,44060.628399704074,2968.281472292331,0.0,108.0,90.44510350025976,0.0
2024-07-21,62548.98325981834,375274.4811906381,19496.803140157816,345994.4059489105,26959.160256600728,619613.0879135025,9581.75244856222,95138.56283281287,8868.42818088771,84076.90671603859,2995.7557312097324,0.0,108.0,79.07844001696341,0.0
2024-07-28,53255.225344004655,350640.8851016546,26073.79809892886,482441.17627574195,27963.42201454032,733881.6188339706,14090.795472831123,172709.2584226316,10145.312247241569,97121.17321101997,3065.5635302664605,0.0,108.0,79.36207232517725,0.0
2024-08-04,4110.743647518247,23706.92062478435,6645.509692546744,112475.01556592416,32035.82010967003,662293.9773008202,14953.284123681726,180038.66518725018,5243.036476806307,54468.06145670204,2896.250907990094,0.0,108.0,71.02701146105898,0.0
2024-08-11,56253.29464067674,347748.0868995853,17582.930842379355,290726.09493374027,14289.579093748915,275722.47788990615,14642.246465384696,132979.70857206173,5396.144131988847,46905.314529923846,2929.1414300194047,0.0,108.0,70.201009340596,0.0
2024-08-18,45702.17147580968,333070.81625755824,16305.520820352658,253203.89603038947,27175.09081368375,592839.9908699909,9138.552739393464,96946.32361485099,7245.468754288017,58728.90605930748,3277.7374024456058,1.0,108.0,73.40090609786157,0.0
2024-08-25,51171.37890028223,327741.31972583523,17906.15347048864,310341.27949491265,32011.683362351658,746941.1646404996,8389.392595435515,92725.8602624925,4385.307528949308,37434.17627535277,3239.4282877034775,0.0,108.0,63.368080595252465,0.0
2024-09-01,59655.47146686751,363272.11381457216,25856.224904516894,383717.44075286924,22782.237465858685,558344.467908576,13555.443023198006,148236.85661215402,10605.079502002434,97998.98247115094,3352.615777114178,0.0,108.0,40.26043708418489,1.0
2024-09-08,43328.72297826039,271850.1868978202,15887.483824920888,253506.65264278432,21595.7970962454,514225.6157947651,10271.361807598008,113972.08832094767,10035.258408937505,88297.92288084149,3160.6725590261212,0.0,108.0,35.046530788021485,0.0
2024-09-15,2932.1463046464014,22156.65560009001,18197.099767580596,282444.11185094964,35591.96011715983,730094.4264963083,9337.675532026018,104344.75460458512,6871.367943110707,70827.70393413675,3239.628954568712,0.0,108.0,31.918753265288913,0.0
2024-09-22,59641.109531369446,354315.28817048296,17818.587823240796,260579.1555001267,38131.4481079764,889151.366424922,14214.222124368029,141650.21269939965,8476.691860356867,67122.64534656414,3246.142245148632,0.0,108.0,26.94761122788103,0.0
2024-09-29,7500.831203239697,60312.08774436443,20500.940706292946,318566.44002669386,41116.08837036665,872322.6978722475,13777.06951495169,163924.3698526032,10473.034077592416,91957.10043857462,3212.502074561841,0.0,108.0,30.36631616187867,0.0
2024-10-06,30661.204481517485,203102.6126900553,15299.784262452256,264198.01042036444,33565.98387285673,773433.2048915469,1263.334264120512,13810.976568075137,9008.341020654287,74437.37659054034,2863.952695254874,0.0,108.0,4.571207713231331,0.0
2024-10-13,3795.676384702105,27658.996477405508,9268.528021878583,167237.38947854002,15205.43673477122,351139.8725644631,13206.003265577408,111222.15367064255,5447.262206333797,49800.37206139754,3062.4919363377567,0.0,108.0,30.429564246395326,0.0
2024-10-20,84586.78173719137,657566.227978558,20239.83747293761,352340.4313593506,33888.61556578765,629901.5868501238,10152.790542433255,106995.89737825534,8890.688607374617,81585.62629800923,2984.259192338863,0.0,108.0,11.163060228731398,0.0
2024-10-27,41711.0835450286,327596.37262941845,14973.740767422893,245853.83161301582,29229.11435856483,578360.534342455,1268.6268845548868,15518.632743809123,5749.385629304612,52261.68572301833,3091.0445125831466,0.0,108.0,30.62245534901883,0.0
2024-11-03,0.0,0.0,23712.03759685937,407021.30914003577,35756.419708663496,764947.8404270051,14775.38707178795,181104.16748526573,7240.813850548201,66960.2788395102,2953.7314615516316,0.0,108.0,15.816009213441502,0.0
2024-11-10,69384.26432966784,416395.13680456503,27852.430949848414,446566.18899422855,30267.68583857665,677128.1309642551,151.67643675357394,1655.6237070938591,5272.793432727341,51278.930057451005,3222.303279620871,0.0,108.0,29.223494357066663,0.0
2024-11-17,51930.42098263127,325952.4954325467,19896.884259796203,342721.5120423571,33246.57492665595,692768.6579918959,1283.825436605491,15985.893129143415,5453.152594254683,56575.25804324458,2862.2426674792127,0.0,108.0,43.87430080913893,0.0
2024-11-24,59423.59290283384,390593.7575392094,13921.351774132094,222567.58443996194,26661.65572817397,575093.5559980619,1224.7253574262766,14238.160552578298,6003.257085377834,58040.57225928359,2804.29693841574,0.0,108.0,44.08323503152808,1.0
2024-12-01,49864.75001481507,362047.26159449806,4868.976501082243,78729.57733279288,8363.638556961192,195550.96124014384,14106.871788172957,187794.01117212823,5843.122767073221,48524.453254267566,2554.4407821117547,0.0,115.0,60.35237022813432,0.0
2024-12-08,31796.028669996893,193065.87565951096,18135.81667252537,293340.24306390545,10184.794936320905,235592.0986827025,11623.1333478372,129594.69118628227,2908.2579105859004,26730.764299991257,2738.5426193919525,0.0,115.0,78.23200219965,0.0
2024-12-15,5041.507534644012,35157.80567089094,18611.931627711427,322225.4931925759,9635.532383980924,240794.95326980698,727.8166358872419,9210.3840225674,4639.69282178721,46501.06920191656,2497.07853336616,0.0,115.0,60.67457395208176,0.0
2024-12-22,13725.24518088745,80861.03050481757,19634.812736382057,356686.56250216917,0.0,0.0,813.5877288859847,12108.277419264272,6059.199768628597,54963.3527030454,2490.8769332225547,0.0,115.0,62.83800061787463,0.0
2024-12-29,43651.16773082344,325442.26383951126,366.9018270442666,7112.1434124023335,13551.726565893765,294880.99002698396,7898.976305471137,80559.46328683587,4574.885112235658,48128.196703478316,2640.9611538715626,0.0,115.0,65.89863371024441,0.0
2025-01-05,35116.07377973514,259042.30337691942,23483.311460921155,328603.6339715518,22198.943349124453,470460.2973217831,1270.3418996068858,9644.445928524978,2970.3362994094105,28825.53368035154,2712.199609971133,0.0,115.0,66.3553651768979,0.0
2025-01-12,52019.95953978314,259425.59345413023,13911.14494456738,235468.8201071887,20984.616827274447,478528.4402821534,7388.818882390917,60745.84803086607,5063.3499653510635,48201.43942523995,2805.3435846454477,0.0,115.0,77.70388579148052,0.0
2025-01-19,27501.317638624445,185562.91098796422,23508.465022751738,372399.28431497456,12492.523988952587,258940.39928355368,5916.014276360027,53004.451144757884,8672.113574200926,89287.6073917247,2761.1977111959595,0.0,115.0,66.85367951053793,0.0
2025-01-26,41690.228498408134,265618.8465868565,22036.062874454346,348982.2812874823,24108.2308200256,457115.74836064316,810.1151127035049,9052.943364921315,4412.21014362419,34620.86544769213,2907.753949428247,0.0,115.0,56.46596737950048,0.0
2025-02-02,43497.32037028982,288275.4605245527,5564.289016736513,94963.30483888884,19445.06059692984,418713.15025055304,6859.8660687774955,65635.00518929737,4085.9139844871384,42596.13508727271,2801.5953074517183,0.0,115.0,68.91772668462548,1.0
2025-02-09,37580.55428285815,252318.52007804395,4901.089603199085,82989.52270945178,26325.8616596432,530533.5959537451,3792.850558589671,49872.482216899305,2799.908972329263,29987.95679151565,2986.850315873451,1.0,115.0,81.99020089175227,0.0
2025-02-16,24342.153804914982,161073.99859478118,4778.084746014023,85191.03907153306,20232.551633464467,466008.7952517905,0.0,0.0,1007.5186324449132,9519.076345130854,2673.4874459338166,1.0,115.0,65.15346993972388,0.0
2025-02-23,42315.49735336063,289277.0651027012,5655.064570006667,100156.06811029156,10665.601437032205,260289.77355993644,0.0,0.0,2430.66548876433,22778.392182327763,2532.4051805866065,0.0,115.0,45.86734719372984,0.0
2025-03-02,0.0,0.0,13236.185207602437,215681.48632568045,28534.809927797654,536534.0560302511,7461.975309168177,86140.56136034346,2999.1473500684424,28936.470279093428,2566.303633604158,0.0,115.0,41.93045287195885,0.0
2025-03-09,22786.139999327253,171380.82347724057,11248.91086426338,180904.7352011849,14968.5540328649,345175.1423359574,1017.4868724799252,9995.394797335442,5214.255001047553,51255.19814119641,2555.602351163213,0.0,115.0,48.268131541094185,0.0
2025-03-16,13883.80086509894,103430.97672222834,7838.174217032277,145382.55807041185,11717.766413373207,270319.1167735249,5301.5346167189955,82526.4359695291,7876.7180650807895,68861.45740334112,2867.7207412526946,0.0,115.0,36.79579206775083,0.0
2025-03-23,16014.910394864599,81896.91528814724,8592.02791847361,145420.8443929276,21220.197385607713,527272.970814481,588.442764494869,8375.538661950957,0.0,0.0,2438.437416178951,0.0,115.0,26.032104276241334,0.0
2025-03-30,72972.55425887057,515892.4026385933,16227.672391647964,246020.52569352541,17523.958684214096,420706.7601210494,2341.496771050048,31892.135968482777,7154.792219403134,68835.95829706854,2919.9776370486743,0.0,115.0,33.68552427802828,0.0
2025-04-06,22899.097932987475,153680.44253648492,2445.4071347694953,44260.96693328519,10409.193373074715,204664.49005578127,726.0014098136849,8811.859019623917,8118.235609694975,65784.44579622007,2273.9006097140227,0.0,115.0,23.967798175841434,0.0
2025-04-13,44471.56106797402,255252.49802691568,14276.462838687039,264388.12853431964,12749.928237634203,315499.4754916025,659.6693295523629,7167.2551564308615,5588.1463619549195,48091.60946007885,2791.4879805764413,0.0,115.0,16.953537919728195,0.0
2025-04-20,2468.9082706773356,16870.748725450238,6891.4099941952845,124419.65237545101,19164.91166239266,481319.3001944888,440.1527293143545,4796.367453952608,5558.058061345534,55293.910299419134,2520.1009649080065,0.0,115.0,20.285698280253957,0.0
2025-04-27,37161.94766738823,252602.369127962,16949.148153736933,310849.1668802087,12486.170526188838,268169.52942515555,6891.515524083662,95064.01645913406,4938.940832903729,41040.03678315201,2813.7597568036927,0.0,115.0,24.76844973085303,0.0
2025-05-04,5115.2818333398845,39618.19706509422,19099.742098689665,302994.74296138115,23230.02981736013,595033.6413224763,214.8685580134851,3107.3430652845495,5044.6890842428575,49496.0023621906,2918.047888105826,0.0,115.0,36.06642529364783,0.0
2025-05-11,33912.13128897843,250423.02799832498,18325.332412639073,301548.51701923046,13987.142061783834,290227.68598108314,7880.153109380728,92560.1420592828,5978.619369500882,50446.247607918755,2944.728074859711,0.0,115.0,22.165720474471193,0.0
2025-05-18,3918.847819031712,26383.82394199655,18663.377496376208,350868.0846089342,4422.77084387522,103424.54861286849,10445.267429654894,107117.3645066915,4503.077375870144,40413.51723522749,2684.913278771378,0.0,115.0,35.83048220317416,0.0
2025-05-25,50000.46661064408,318647.612636514,8933.984542158456,146213.39129459552,23174.387200967914,478382.8269934844,11429.600999072629,134538.32130710446,8370.944101891111,68694.27394772523,3035.6908417853556,0.0,115.0,41.42050448604619,0.0
2025-06-01,3868.05834662561,30258.98417622172,18293.493803698017,268465.2030556745,37227.9015154542,932149.4430134892,719.4796418566924,9370.23686066625,7268.230205125797,61654.58606327466,2842.3265297560783,0.0,115.0,34.917996908782115,0.0
2025-06-08,24904.03947205837,166885.29158974634,9116.755789179582,166253.4313341458,23232.63033087648,564425.8325413641,966.9341316401744,10663.477181866736,4525.9055208211485,41458.916550125934,2962.519503537716,0.0,115.0,52.722236903049094,0.0
2025-06-15,3325.677993185664,22538.041237991536,20980.199960935905,329613.9536905975,0.0,0.0,1176.7028187933367,13268.570528349972,6954.364158685001,63549.609020782234,2654.6480662271383,0.0,115.0,51.94164571842629,0.0
2025-06-22,6329.489181931962,34557.74811266443,11052.33649279401,205539.69492071896,40586.49345234826,885548.5249553361,14671.35788125296,153995.6999017596,9783.158067404736,83003.74238791197,3345.5625180804163,0.0,115.0,71.44303789044699,0.0
2025-06-29,38790.251377089706,268740.73768503935,21687.75682859851,383764.0152589519,30317.782514107625,670249.4413732113,7663.721633384059,82022.96156068023,7488.60220019488,75838.74683954727,3053.906486375221,0.0,115.0,73.60584704704802,0.0
2025-07-06,36130.441544432244,245001.92227560194,9742.160629273543,151322.7216062921,20187.691756694676,483389.03483722085,8744.779042756632,82115.49808228301,4079.910655107536,39037.56280336614,3156.4808163547,0.0,115.0,80.60597107131558,0.0
2025-07-13,3546.236731561735,23939.139541107816,30229.18648803238,439538.58841255936,31651.869200539488,699900.4405435823,9147.281475191458,87739.35091083925,4928.1799680541335,46238.739720748155,3138.8618862791163,0.0,115.0,81.86719504530764,0.0
2025-07-20,42892.57086617106,279103.87281196954,13740.61854602979,232822.49821348817,27634.817687621195,635204.8823250296,14792.667871324362,203093.97351024367,3945.2872987889764,33897.502387316956,2982.3084483543807,0.0,115.0,66.6572221818389,0.0
2025-07-27,47785.41215202354,261012.39655391785,25080.295795851252,384585.1890108873,28656.25371656527,674385.2336547078,1894.9899777782266,25658.361523696767,12912.974038961554,112428.62282388528,3203.4769346192356,0.0,115.0,77.45952088748301,0.0
2025-08-03,5534.144791509119,40272.99569308951,17718.60189907917,298091.2394387426,17067.819836786264,378879.81758303737,8103.478810398301,94125.4540316846,11257.820823850629,114691.52521010175,3095.2561785605103,0.0,115.0,77.56721304435865,0.0
2025-08-10,40348.9934553825,300280.8440444333,22089.04729413236,389888.3484413184,21514.91229643161,499019.1554794949,10835.41720816207,117403.98691095263,5697.8988900281665,50498.93780527233,2874.9078913836083,0.0,115.0,76.48366404618638,0.0
2025-08-17,51337.332118527964,369496.6817994902,19252.31551839687,303434.0869240004,41201.68357870551,902747.8846374587,1124.2750243158123,12507.073094986908,5183.674576902882,50703.7203970355,3357.596248906779,0.0,115.0,63.088373132745375,0.0
2025-08-24,77287.66147469234,449910.58615592687,22385.828571913124,382805.13163869135,27740.297733250325,556056.1489728778,12398.598508531948,116782.39263393557,6848.953631099496,57425.129642617605,3285.7181699441535,1.0,115.0,51.2968665909111,0.0
2025-08-31,43513.82996890431,262755.7481102955,24604.584942212936,422399.8464715835,32216.155508528624,825187.8749748525,13891.874091584561,162111.66837525682,9187.690742318013,88259.53845619196,3817.814655518636,1.0,115.0,50.77973816895489,1.0
2025-09-07,5321.142430308405,34875.645011389206,23845.96723051627,370953.6957248092,33006.17339539788,726897.6504748868,12130.620412553259,120804.66705068994,5234.222286030379,58184.05055467939,3120.879880400896,0.0,115.0,52.39552396354842,0.0
2025-09-14,52445.78838913523,324579.57235240564,23499.757843458097,388110.6443915232,41139.40501161607,896741.3977659806,1306.8466416317633,17284.26375134504,6874.191074851247,73858.522640239,3338.822718020618,0.0,115.0,36.93358512899848,0.0
2025-09-21,56016.50443592275,380013.828546736,12784.245732436464,207755.53110368195,21865.910553937018,472751.39951163495,1267.635016518292,11878.089239386782,2688.723643412971,22557.79322495104,2956.3610747358043,0.0,115.0,15.732429898103426,0.0
2025-09-28,63135.886375094415,443293.36515229795,24240.252532480354,402184.45499269635,16650.332472482332,350303.76373294415,3340.8289592821893,39108.66943181273,8046.7535186744835,79293.10064009672,3166.0680842635675,0.0,115.0,28.59923673900711,0.0
2025-10-05,44792.13033627382,268439.59416519396,22855.491329867375,388112.9831908056,31045.025451750567,650477.2716479801,9408.192553874442,103004.39244976437,6723.677648093886,51959.23349288598,3629.8141693481753,0.0,115.0,21.830651314875364,0.0
2025-10-12,68708.96357291071,419774.81217846496,17317.704018694407,279054.695292888,32977.24385685203,808698.5015755565,16667.247997162907,166121.0479406748,9520.301449295315,85196.24950609783,3310.514742904713,0.0,115.0,20.12085812778556,0.0
2025-10-19,3765.796036411712,23131.48185208673,19868.797873368934,338302.8542041557,29533.03013059101,694654.0826607965,1617.8009845867812,19836.26652253682,4856.87211288877,51391.569092010206,3312.3840495902323,0.0,115.0,16.90513332226498,0.0
2025-10-26,2589.7239067837368,22800.279486840394,10444.576185429567,175078.16152662816,22172.397594346043,502354.52549412596,1198.0089984258946,14837.447214634827,8672.478131290123,81166.06571439985,3245.078681373519,0.0,115.0,22.51602334421909,0.0
2025-11-02,61843.10806572506,352721.5760154565,17413.570454868037,297580.9677493663,28873.894885459318,700963.1410444862,1468.811569228974,23577.094356472557,12740.438696984362,101054.60201251118,3195.675095621495,0.0,115.0,26.56849242223582,0.0
2025-11-09,43145.45861406279,320368.9480207807,10885.229134723224,182042.76302580285,12352.345893194752,284192.3123283129,771.175555771777,9038.780982225475,4806.626653431361,51137.71443337301,3307.7817256466833,0.0,115.0,19.28956100239875,0.0
2025-11-16,31419.735691903352,213085.03687913474,18617.672091112283,298247.1388171217,7488.739581014994,172088.25369379623,14710.260466049363,194369.3460654212,5629.995182022365,50379.49868382562,3302.587843040717,0.0,115.0,43.238145792464046,0.0
2025-11-23,3768.7137083713114,27512.757697565212,33481.61245029618,475760.83492801065,25156.882086056357,581695.5674018677,7619.6610379230015,82895.46783015884,5851.441532474203,55507.75566786466,3188.3740157256134,0.0,115.0,41.33482931934465,1.0
2025-11-30,17915.51814490208,126287.83446172316,13872.603561248787,209671.02756728325,47615.930324208006,1100032.037111434,1047.4015374247992,12505.6260960054,5404.0520169608335,49431.89831796008,3097.1786589145663,0.0,115.0,49.832918718000094,0.0
2025-12-07,59157.070198345005,353564.20757273945,23188.63584064268,329385.2325091529,15880.753984010988,338359.5731003731,3631.446554740407,43390.86141828072,5664.20828743626,54740.20893937199,2554.2281354998936,0.0,115.0,54.90191897004256,0.0
2025-12-14,1828.0672589282258,14389.964644174694,21932.011045291765,416995.73945289536,28921.195728165498,604346.9478286265,14242.711712356864,163804.39153572204,5453.565426943214,45156.00279256283,3253.9848732911832,0.0,115.0,76.06239371930988,0.0
2025-12-21,34970.33615855684,194252.34544955686,10849.89399719011,185244.53172693463,11468.430035883226,276114.5966988291,7088.862785613556,74713.38694333332,4945.770597723303,50419.587854226644,3024.1010431896184,0.0,115.0,78.70420018276424,0.0
